<meta>
 <script src="custom.lua" type="client" />
 <script src="water color.lua" type="client" />
 <script src="sky.lua" type="client" />
 <script src="music.lua" type="client" />
    <file src="files/2.txd" />
    <file src="files/1.col" />
    <file src="files/1.dff" />
    <file src="files/2.col" />
    <file src="files/2.dff" />
    <file src="files/3.col" />
    <file src="files/3.dff" />
    <file src="music.mp3" />
    <script src="client.lua" type="client" />
    <file src="vgehshade.txd" />
    <script src="rotation.lua" type="server" />
    <info gamemodes="race" type="map" name="[DM] Hipnoze - Ryan And Benox.exe" author="Benox.exe and Ryan" version="1.0.4" description="lalala" />
    <map src="race-Hipnoze.map" dimension="0" />
    <settings>
        <setting name="#skins" value='[ &quot;random&quot; ]' />
        <setting name="#maxplayers" value="[ 32 ]" />
        <setting name="#gamespeed" value="[ 1 ]" />
        <setting name="#ghostmode" value='[ &quot;true&quot; ]' />
        <setting name="#time" value="0:0" />
        <setting name="#vehicleweapons" value='[ &quot;true&quot; ]' />
        <setting name="#minplayers" value="[ 1 ]" />
        <setting name="#weather" value="[ 2 ]" />
        <setting name="#gravity" value="[ 0.008000 ]" />
        <setting name="#waveheight" value="[ 0 ]" />
        <setting name="#respawntime" value="[ 5 ]" />
        <setting name="#locked_time" value="[ false ]" />
        <setting name="#duration" value="[ 900 ]" />
        <setting name="#respawn" value='[ &quot;none&quot; ]' />
    </settings>
</meta>
